Release Date   	Day of Week   	Type   	Toon   	Watch   	Easter Eggs   	Runtime
July 1996(web version first appeared on or before June 28, 2001)		Book	The Homestar Runner Enters the Strongest Man in the World Contest	read	(N/A)	(N/A)
December 1996		Uncategorized	Super NES	watch	0	1:26
January 2000		Book	Where My Hat Is At?	read	(N/A)	(N/A)
January 2000		Uncategorized	First Flash	watch	0	0:07
January 2000		Uncategorized	Second Flash	watch	0	0:07
January 2000		Uncategorized	Pom Pom Too	watch	0	1:04
January 2000		Toon	Marshmallow's Last Stand	watch	0	5:00
January 2000		Intro	Old Intro	watch	1	0:15
Early 2000		Toon	The King of Town (Old Version)	watch	1	1:32
Early 2000		Game	She Loves Me!	play	0	(N/A)
2000		Short	Kick the Can	watch	0	5:30
"May 10, 2000, or earlier"		Main Page	Main Page 2	watch	0	(N/A)
"May 10, 2000, or earlier"		Main Page	Main Page 3	watch	0	(N/A)
"May 10, 2000, or earlier"		Main Page	Main Page 4	watch	0	(N/A)
"May 10, 2000, or earlier"		Main Page	Main Page 1	watch	0	(N/A)
"May 10, 2000, or earlier"		Main Page	Main Page 5	watch	0	(N/A)
"May 10, 2000, or earlier"		Main Page	Main Page 6	watch	0	(N/A)
"May 10, 2000, or earlier"		Menu	Oldest Toons Menu	watch	0	(N/A)
"May 10, 2000, or earlier"		Menu	Original Games Menu	watch	0	(N/A)
"May 10, 2000, or earlier"		Uncategorized	Old Characters Page	watch	0	(N/A)
"May 10, 2000, or earlier"		Uncategorized	Downloads	watch	3	(N/A)
"May 10, 2000, or earlier"		Uncategorized	Flash Store	watch	0	(N/A)
"May 10, 2000, or earlier"		Menu	Museum	watch	0	(N/A)
"May 10, 2000, or earlier"		Uncategorized	Sketchbook (museum)	read	0	(N/A)
"May 10, 2000, or earlier"		Uncategorized	Fan Stuff	read	0	(N/A)
"May 10, 2000, or earlier"		Uncategorized	Ice Cream	watch	0	(N/A)
"May 10, 2000, or earlier"		Menu	Old Flash Stuff	watch	0	(N/A)
"May 10, 2000, or earlier"		Intro	Old Intro 2	watch	0	0:15
Early to mid 2000?		Toon	In Search of the Yello Dello (Old Version)	watch	0	3:22
Early to mid 2000?		Menu	Lava Lamp Toons Menu	watch	0	(N/A)
Early to mid 2000?		Toon	The Reddest Radish	watch	0	2:23
Early to mid 2000?		Menu	Character Cards	watch	0	(N/A)
Mid 2000?		Game	Fortune Cookies	play	0	(N/A)
Mid 2000?		Game	Homestar Talker	play	2	(N/A)
Mid 2000?		Main Page	Strong Bad Main Page		0	(N/A)
Mid 2000?		Game	Bronco Trolleys	play	0	(N/A)
Mid 2000?		Game	Hairstyle Runner	play	0	(N/A)
Mid 2000?		Game	Astro Lite	play	0	(N/A)
Mid 2000?		Game	Dancin' Bubs	play	0	(N/A)
Mid 2000?		Toon	A Jumping Jack Contest	watch	0	5:17
Mid 2000?		Menu	Telebision Toons Menu	watch	0	(N/A)
Mid 2000?		Menu	Chinese Food Toons Menu	watch	0	(N/A)
Mid 2000?		Menu	Second Games Menu	watch	0	(N/A)
Mid 2000?		Game	Strong Libs	play	0	(N/A)
Mid 2000?		Short	Theme Song Video	watch	0	1:00
Summer 2000		Intro	Flag Intro	watch	0	0:20
Mid to late 2000?		Short	Strong Bad Sings	watch	0	1:42
Fall 2000		Marzipan's Answering Machine	Marzipan's Answering Machine Version 1.0	watch	0	3:57
October 2000		Holiday Toon	Homestarloween Party	watch	0	4:55
October 2000		Main Page	Main Page 7	watch	0	(N/A)
Late 2000		Uncategorized	Yearbook Character Page	watch	0	(N/A)
December 2000		Holiday Toon	A Holiday Greeting	watch	0	1:37
January 24, 2001, or earlier		Main Page	Main Page 8	watch	0	(N/A)
January 24, 2001, or earlier		Main Page	Main Page 9	watch	0	(N/A)
March 2, 2001	Friday	Toon	A Jorb Well Done	watch	0	4:00
March 8, 2001, or earlier		Main Page	Main Page 10	watch	0	(N/A)
Spring 2001		Main Page	Main Page 11	watch	0	(N/A)
Spring 2001		Main Page	Main Page 12	watch	0	(N/A)
Spring 2001		Main Page	Main Page 13	watch	0	(N/A)
May 1, 2001, or earlier		Marzipan's Answering Machine	Marzipan's Answering Machine Version 2.0	watch	0	2:27
May 1, 2001, or earlier		Toon	The Luau	watch	0	5:36
May 1, 2001, or earlier		Main Page	Luau Main Page	watch	0	(N/A)
Early to mid 2001		Menu	The King of Town DVD	watch	1	(N/A)
Early to mid 2001		Toon	The King of Town DVD New Version	watch	0	1:26
Early to mid 2001		Toon	The King of Town DVD Commentary	watch	0	2:50
Early to mid 2001		Toon	The King of Town DVD Storyboards	watch	0	(N/A)
Early to mid 2001		Menu	In Search Of The Yello Dello	watch	0	(N/A)
Early to mid 2001		Toon	In Search of the Yello Dello New Version	watch	0	6:45
Early to mid 2001		Toon	In Search of the Yello Dello Commentary	watch	0	7:31
Early to mid 2001		Toon	In Search of the Yello Dello Theatrical Trailer	watch	0	0:45
Early to mid 2001		Toon	In Search of the Yello Dello Storyboards	watch	0	(N/A)
Early to mid 2001		Toon	In Search of the Yello Dello Deleted Scene: Original Danger	watch	0	(N/A)
Early to mid 2001		Toon	In Search of the Yello Dello Deleted Scene: Coach Z's Office	watch	0	(N/A)
Early to mid 2001		Toon	In Search of the Yello Dello Deleted Scene: Strong Mad	watch	0	(N/A)
Early to mid 2001		Toon	In Search of the Yello Dello Secret Deleted Scene	watch	0	(N/A)
May 11, 2001	Friday	Holiday Toon	A Mother's Day Message	watch	0	1:29
Mid 2001		Uncategorized	If I Ran The Camera	read	0	(N/A)
Mid 2001		Intro	Intro 2	watch	0	0:32
Mid 2001(?)		Intro	Intro	watch	0	0:20
Mid 2001(?)		Uncategorized	Legal	watch	0	(N/A)
Mid 2001(?)		Uncategorized	Sing Along	watch	0	(N/A)
Mid 2001(?)		Uncategorized	Needlepoint	watch	0	0:07
June 23, 2001, or earlier		Marzipan's Answering Machine	Marzipan's Answering Machine Version 3.0	watch	0	3:22
June 27, 2001, or earlier		Short	Fluffy Puff Commercial	watch	1	2:24
June 27, 2001, or earlier		Menu	Third Games Menu	watch	0	(N/A)
June 27, 2001, or earlier		Game	Audition With Marzipan	play	0	(N/A)
June 27, 2001, or earlier		Game	Who Said What Now?	play	0	(N/A)
June 27, 2001, or earlier		Game	Homestar Quiz	play	3	(N/A)
August 9, 2001, or earlier		Marzipan's Answering Machine	Marzipan's Answering Machine Version 4.0	watch	0	3:55
August 16, 2001, or earlier		Main Page	Main Page 14	watch	0	(N/A)
August 22, 2001	Wednesday	Email	some kinda robot	watch	1 (DVD
version)	0:45
August 22, 2001	Wednesday	Menu	Tandy 400 Menu	watch	0	(N/A)
September 19, 2001	Wednesday	Email	homsar	watch	0	0:46
Between September 19 and 27, 2001		Email	butt IQ	watch	0	0:59
September 27, 2001	Thursday	Email	homestar hair	watch	0	0:55
October 9, 2001	Tuesday	Email	making out	watch	0	0:59
October 13, 2001	Saturday	Marzipan's Answering Machine	Marzipan's Answering Machine Version 5.0	watch	0	4:50
October 19, 2001	Friday	Email	depressio	watch	1	0:54
October 19, 2001(?)	Friday	Uncategorized	The Secrets That I Keep	watch	0	(N/A)
October 27, 2001	Saturday	Holiday Toon	The House That Gave Sucky Treats	watch	5	4:00
October 31, 2001	Wednesday	Email	halloweener	watch	0	1:15
October 31, 2001	Wednesday	Intro	Ween Intro	watch	0	0:20
November 27, 2001	Tuesday	Holiday Toon	Some Stupid Turkey	watch	0	0:39
December 21, 2001	Friday	Holiday Toon	The Best Decemberween Ever	watch	1	4:43
2002 or earlier		Uncategorized	Strong Bad's Message Bored	play	0	(N/A)
January 10, 2002	Thursday	Email	brianrietta	watch	0	0:53
January 14, 2002	Monday	Email	i love you	watch	0	0:56
January 21, 2002	Monday	Email	trevor the vampire	watch	0	1:06
January 22, 2002	Tuesday	Marzipan's Answering Machine	Marzipan's Answering Machine Version 6.0	watch	0	3:04
January 28, 2002	Monday	Email	i rule	watch	0	0:40
February 4, 2002	Monday	Email	credit card	watch	0	1:18
February 11, 2002	Monday	Email	i she be	watch	0	1:11
February 17, 2002	Sunday	Email	duck pond	watch	1	0:41
February 25, 2002	Monday	Powered By The Cheat	The Cheat Theme Song	watch	1	1:20
February 25, 2002	Monday	Toon	Where's The Cheat?	watch	0	6:18
February 25, 2002	Monday	Email	the basics	watch	0	1:08
March 4, 2002	Monday	Email	band names	watch	0	1:13
March 4, 2002	Monday	Uncategorized	Scroll Button Songs		0	(N/A)
March 11, 2002	Monday	Email	studying	watch	1	1:13
March 18, 2002	Monday	Email	stand-up	watch	0	1:27
March 25, 2002	Monday	Email	tape-leg	watch	0	1:01
March 28, 2002	Thursday	Uncategorized	First Time Here?	watch	0	1:52
April 1, 2002	Monday	Email	spring cleaning	watch	0	1:27
April 8, 2002	Monday	Email	cartoon	watch	0	1:45
April 9, 2002, or earlier		Uncategorized	Homestar's Yearbook	watch	0	(N/A)
April 11, 2002, or earlier	Thursday	Main Page	Main Page 15	watch	0	(N/A)
April 15, 2002	Monday	Email	little animal	watch	1	1:16
April 22, 2002	Monday	Email	the bird	watch	0	1:20
April 30, 2002	Tuesday	Email	super powers	watch	0	1:17
May 6, 2002	Monday	Email	CGNU	watch	0	1:12
May 13, 2002	Monday	Email	3 Wishes	watch	0	1:32
May 19, 2002	Sunday	Email	1 step ahead	watch	1	2:17
May 27, 2002 or earlier		Uncategorized	Email Processing Room	watch	1	0:13
May 27, 2002	Monday	Email	superhero name	watch	0	1:08
June 3, 2002	Monday	Email	12:00	watch	1	1:12
June 4, 2002 or earlier		Short	The Interview	watch	0	2:47
June 10, 2002	Monday	Email	sugarbob	watch	0	1:48
June 17, 2002	Monday	Email	flag day	watch	2	2:03
June 24, 2002	Monday	Email	gimmicks	watch	1	1:16
June 24, 2002	Monday	Menu	Broken Tandy Menu	watch	0	(N/A)
July 1, 2002	Monday	Email	weird dream	watch	1	1:17
July 1, 2002	Monday	Powered By The Cheat	Everybody to the Limit	watch	0	1:54
July 8, 2002	Monday	Email	sisters	watch	1	1:40
July 14, 2002	Sunday	Email	guitar	watch	0	1:32
July 14, 2002	Sunday	Menu	TV Time Toons Menu	watch	4	(N/A)
July 14, 2002	Sunday	Uncategorized	Joy of Painting	watch	0	0:06
July 14, 2002	Sunday	Menu	Handheld Games Menu	watch	0	(N/A)
July 22, 2002	Monday	Email	dullard	watch	1	2:15
July 29, 2002	Monday	Email	helium	watch	1	1:46
August 5, 2002	Monday	Email	property of ones	watch	0	1:19
August 11, 2002	Sunday	Email	vacation	watch	1	4:17
August 11, 2002	Sunday	Menu	SBEmail Vacation Menu	watch	1	(N/A)
August 11, 2002	Sunday	(N/A)	First Postcard		0	(N/A)
August 15, 2002	Thursday	(N/A)	Second Postcard		1	(N/A)
August 19, 2002	Monday	(N/A)	Third Postcard		0	(N/A)
August 22, 2002(?)	Thursday	(N/A)	Fourth Postcard		1	(N/A)
August 26, 2002	Monday	(N/A)	Fifth Postcard		1	(N/A)
August 26, 2002	Monday	Short	Meet Marshie	watch	2	0:50
September 2, 2002	Monday	Email	sb_email 22	watch	2	0:34
September 9, 2002	Monday	Email	invisibility	watch	1	1:54
September 16, 2002	Monday	Email	action figure	watch	1	1:45
September 23, 2002	Monday	Email	little questions	watch	2	1:13
September 30, 2002	Monday	Email	lures & jigs	watch	1	1:45
October 7, 2002	Monday	Email	techno	watch	1	1:13
October 14, 2002	Monday	Email	your friends	watch	1	1:11
October 21, 2002	Monday	Toon	Parsnips-A-Plenty	watch	2	2:38
October 21, 2002	Monday	Email	new hands	watch	3	1:36
October 28, 2002	Monday	Holiday Toon	Pumpkin Carve-nival	watch	5	5:32
October 31, 2002	Thursday	Marzipan's Answering Machine	Marzipan's Answering Machine Version 7.0	watch	1	3:16
October 31, 2002	Thursday	Email	ghosts	watch	2	1:57
November 4, 2002	Monday	Email	theme party	watch	3	1:06
November 11, 2002	Monday	Email	50 emails	watch	2	2:45
November 17, 2002	Sunday	Blog Entry	Strong Sad's Lament: The Beginning of the End		(N/A)	(N/A)
November 18, 2002	Monday	Email	website	watch	3	1:53
November 18, 2002	Monday	Blog Entry	Strong Sad's Lament: A New Beginning of the End	read	(N/A)	(N/A)
November 23, 2002	Saturday	Blog Entry	Strong Sad's Lament: A New Pain	read	(N/A)	(N/A)
November 25, 2002	Monday	Email	island	watch	2	1:57
November 27, 2002	Wednesday	Uncategorized	Happy T!	watch	1	(N/A)
December 2, 2002	Monday	Email	comic	watch	4	1:43
December 2, 2002	Monday	Teen Girl Squad	Teen Girl Squad Issue 1	watch	1	0:52
December 9, 2002	Monday	Email	morning routine	watch	1	2:09
December 16, 2002	Monday	Email	cheat talk	watch	2	2:08
December 23, 2002	Monday	Holiday Toon	A Decemberween Pageant	watch	2	4:23
December 23, 2002	Monday	Menu	Decemberween Email Menu	watch	4	(N/A)
December 23, 2002	Monday	Main Page	Main Page 16	watch	0	(N/A)
December 30, 2002	Monday	Email	current status	watch	1	1:14
January 6, 2003	Monday	Email	japanese cartoon	watch	3	2:02
January 9, 2003	Thursday	Main Page	Main Page 17	watch	0	(N/A)
January 13, 2003	Monday	Email	dragon	watch	1	3:20
January 20, 2003	Monday	Email	marzipan	watch	1	2:15
January 22, 2003	Wednesday	Short	The System is Down	watch	0	1:05
January 27, 2003	Monday	Holiday Toon	Superbowl Dealie	watch	0	0:39
January 28, 2003	Tuesday	Email	huttah!	watch	1	2:35
February 3, 2003	Monday	Email	monster truck	watch	3	1:43
February 3, 2003	Monday	Blog Entry	Strong Sad's Lament: From out of the darkness	read	(N/A)	(N/A)
February 4, 2003	Tuesday	Game	Awexome Cross	play	0	(N/A)
February 5, 2003	Wednesday	Blog Entry	Strong Sad's Lament: A New Year, A New You	read	(N/A)	(N/A)
February 10, 2003	Monday	Email	interview	watch	4	2:13
February 10, 2003	Monday	Main Page	Homsar Main Page	watch	0	(N/A)
February 10, 2003	Monday	Teen Girl Squad	Teen Girl Squad Issue 2	watch	0	1:12
February 14, 2003	Friday	Blog Entry	Strong Sad's Lament: A Dark, Dark Day	read	(N/A)	(N/A)
February 16, 2003	Sunday	Email	fingers	watch	2	2:07
February 20, 2003	Thursday	Blog Entry	Strong Sad's Lament: Post-it on my face	read	(N/A)	(N/A)
February 21, 2003	Friday	Uncategorized	Super Brave!!	watch	0	(N/A)
February 24, 2003	Monday	Email	english paper	watch	2	2:13
February 28, 2003	Friday	Blog Entry	Strong Sad's Lament: More Like Writer's Blecchh!	read	(N/A)	(N/A)
March 3, 2003	Monday	Email	unused emails	watch	6	1:38
March 10, 2003	Monday	Email	the show	watch	2	2:34
March 13, 2003	Thursday	Blog Entry	Strong Sad's Lament: Weird Time	read	(N/A)	(N/A)
March 17, 2003	Monday	Short	20X6 vs. 1936	watch	0	1:55
March 17, 2003	Monday	Short	Arcade Game	watch	3	1:41
March 17, 2003	Monday	Game	TROGDOR!	play	4	(N/A)
March 24, 2003	Monday	Email	autobiography	watch	4	2:43
March 31, 2003	Monday	Email	caper	watch	3	2:49
April 1, 2003	Tuesday	Short	King of Town Email	watch	0	0:27
April 1, 2003	Tuesday	Game	Revenge of the King	play	(N/A)	(N/A)
April 1, 2003	Tuesday	Main Page	King of Town Main Page	watch	0	(N/A)
April 1, 2003	Tuesday	Intro	King of Town Intro	watch	0	0:17
April 8, 2003	Tuesday	Short	Lookin at a Thing in a Bag	watch	0	3:50
April 14, 2003	Monday	Email	personal favorites	watch	6	2:21
April 21, 2003	Monday	Email	big white face	watch	3	2:51
April 28, 2003	Monday	Email	2 emails	watch	4	2:26
May 5, 2003	Monday	Email	crazy cartoon	watch	2	2:39
May 12, 2003	Monday	Teen Girl Squad	Teen Girl Squad Issue 3	watch	0	1:37
May 19, 2003	Monday	Email	mascot	watch	3	2:00
May 26, 2003	Monday	Email	privileges	watch	4	2:23
May 26, 2003	Monday	Main Page	Main Page 18	watch	0	(N/A)
June 2, 2003	Monday	Email	funny	watch	2	2:20
June 5, 2003, or earlier		Uncategorized	404'd	watch	0	(N/A)
June 7, 2003	Saturday	Uncategorized	Field Day Intro	watch	0	0:43
June 9, 2003	Monday	Email	sibbie	watch	2	2:19
June 9, 2003	Monday	Marzipan's Answering Machine	Marzipan's Answering Machine Version 8.0	watch	0	2:38
ca. June 9, 2003	Monday	Uncategorized	Index Page	watch	0	(N/A)
June 16, 2003	Monday	Email	suntan	watch	2	3:17
June 23, 2003	Monday	Short	Ballad of The Sneak	watch	0	2:03
June 23, 2003	Monday	Game	Population: Tire	play	(N/A)	(N/A)
June 30, 2003	Monday	Email	anything	watch	2	2:13
July 7, 2003	Monday	Email	the process	watch	7	3:20
July 14, 2003	Monday	Menu	Character Videos	watch	1	(N/A)
July 14, 2003	Monday	Character Video	Homestar Runner's Character Video	watch	0	0:59
July 14, 2003	Monday	Character Video	Strong Bad's Character Video	watch	0	1:09
July 14, 2003	Monday	Character Video	The Cheat's Character Video	watch	0	0:58
July 14, 2003	Monday	Character Video	Strong Mad's Character Video	watch	0	0:34
July 14, 2003	Monday	Character Video	Strong Sad's Character Video	watch	0	1:15
July 14, 2003	Monday	Character Video	Pom Pom's Character Video	watch	0	0:49
July 14, 2003	Monday	Character Video	Marzipan's Character Video	watch	0	0:58
July 14, 2003	Monday	Character Video	Coach Z's Character Video	watch	0	0:51
July 14, 2003	Monday	Character Video	Bubs's Character Video	watch	0	0:54
July 14, 2003	Monday	Character Video	The King Of Town's Character Video	watch	0	0:47
July 14, 2003	Monday	Character Video	The Poopsmith's Character Video	watch	0	0:36
July 14, 2003	Monday	Character Video	Homsar's Character Video	watch	0	0:38
July 21, 2003	Monday	Email	stunt double	watch	2	2:17
August 4, 2003	Monday	Short	Mr. Shmallow	watch	1	1:03
August 18, 2003	Monday	Email	date	watch	5	3:10
August 18, 2003	Monday	Game	Homestar Runner and Marzipan Extra Real Dating Sim XR	play	0	(N/A)
August 25, 2003	Monday	Email	impression	watch	4	3:13
September 1, 2003	Monday	Email	labor day	watch	4	2:46
September 8, 2003	Monday	Email	kids' book	watch	2	2:01
September 8, 2003	Monday	Book	Strumstar Hammer	read	0	(N/A)
September 15, 2003	Monday	Menu	Teen Girl Squad Menu	watch	0	(N/A)
September 15, 2003	Monday	Teen Girl Squad	Teen Girl Squad Issue 4	watch	2	1:38
September 22, 2003	Monday	Email	2 years	watch	2	2:02
September 29, 2003	Monday	Puppet Stuff	Everybody Knows It	watch	3	0:59
October 6, 2003	Monday	Email	no loafing	watch	2	1:54
October 13, 2003	Monday	Email	mile	watch	5	2:27
October 20, 2003	Monday	Short	Malloween Commercial	watch	1	1:40
October 28, 2003	Tuesday	Game	Marshie's Malloween Mix-Up	play	(N/A)	(N/A)
October 29, 2003	Wednesday	Holiday Toon	3 Times Halloween Funjob	watch	11	6:00
October 29, 2003	Wednesday	Puppet Stuff	Seriously!!	watch	0	(N/A)
November 3, 2003	Monday	Holiday Toon	Fan Costume Commentary	watch	0	3:00
November 10, 2003	Monday	Email	couch patch	watch	2	3:01
November 17, 2003	Monday	Email	local news	watch	1	3:05
November 17, 2003	Monday	Powered By The Cheat	These peoples try to fade me	watch	(N/A)	2:11
November 25, 2003	Tuesday	Email	colonization	watch	2	1:57
November 27, 2003, or earlier		Uncategorized	Limozeen Thanksgiving E-Cards		0	(N/A)
December 1, 2003	Monday	Marzipan's Answering Machine	Marzipan's Answering Machine Version 9.2	watch	0	5:39
December 10, 2003	Wednesday	Email	caffeine	watch	6	2:41
December 12, 2003	Friday	Main Page	Main Page 19	watch	0	(N/A)
December 15, 2003	Monday	Email	kind of cool	watch	2	2:57
2003 or 2004		Uncategorized	Where The Crap Are We?	watch	1	0:39
2004		Uncategorized	Email	watch	1	(N/A)
2004		Uncategorized	Email FAQ	watch	0	(N/A)
January 5, 2004	Monday	Email	army	watch	3	4:10
January 12, 2004	Monday	Email	video games	watch	1	3:04
January 12, 2004	Monday	Game	Secret Collect.	play	(N/A)	(N/A)
January 12, 2004	Monday	Game	StrongBadZone	play	(N/A)	(N/A)
January 12, 2004	Monday	Game	Thy Dungeonman	play	(N/A)	(N/A)
January 12, 2004	Monday	Game	RhinoFeeder	play	(N/A)	(N/A)
January 19, 2004	Monday	Email	the bet	watch	2	2:37
January 26, 2004	Monday	Email	lackey	watch	3	2:47
February 2, 2004	Monday	Game	Pigs on Head	play	(N/A)	(N/A)
February 9, 2004	Monday	Email	monument	watch	3	2:08
February 16, 2004	Monday	Email	stupid stuff	watch	2	2:39
February 23, 2004	Monday	Email	different town	watch	3	2:54
February 23, 2004	Monday	Game	Thy Dungeonman II	play	(N/A)	(N/A)
March 1, 2004	Monday	Teen Girl Squad	Teen Girl Squad Issue 5	watch	1	1:57
March 8, 2004	Monday	Puppet Stuff	Puppet Time	watch	0	1:11
March 8, 2004	Monday	Marzipan's Answering Machine	Marzipan's Answering Machine Version 10.2	watch	2	2:39
March 15, 2004	Monday	Short	Not the 100th Email!!!	watch	0	0:30
March 16, 2004	Tuesday	Email	flashback	watch	8	5:01
March 22, 2004	Monday	Toon	Strong Bad is in Jail Cartoon	watch	0	6:00
April 1, 2004	Thursday	Holiday Toon	Under Construction	watch	0	1:47
April 4, 2004	Sunday	Main Page	Main Page 20	watch	0	(N/A)
April 7, 2004	Wednesday	Powered By The Cheat	New Boots	watch	2	2:46
April 20, 2004	Tuesday	Email	car	watch	2	2:54
April 26, 2004	Monday	Email	lunch special	watch	3	3:43
May 3, 2004	Monday	Email	haircut	watch	5	2:59
May 10, 2004	Monday	Short	Cheat Commandos	watch	1	2:02
May 24, 2004	Monday	Short	The Cheatar	watch	2	0:54
May 25, 2004	Tuesday	Email	theme park	watch	4	4:14
May 31, 2004	Monday	Short	Cheat Commandos...O's	watch	1	2:13
May 31, 2004	Monday	Puppet Stuff	Puppet Jam: Mission Control	watch	0	1:06
May 31, 2004	Monday	Puppet Stuff	Puppet Jam: Tropical Lazor Beams	watch	0	1:11
May 31, 2004	Monday	Puppet Stuff	Puppet Jam: Vitamins/Celebrities	watch	0	1:10
May 31, 2004	Monday	Puppet Stuff	Puppet Jam: Bad Jokes	watch	0	1:14
June 8, 2004	Tuesday	Email	replacement	watch	1	3:22
June 16, 2004	Wednesday	Main Page	Main Page 21	watch	0	(N/A)
June 21, 2004	Monday	Email	dangeresque 3	watch	1	4:54
June 22, 2004	Tuesday	Powered By The Cheat	Crazy Cartoon	watch	1	1:12
June 29, 2004	Tuesday	Short	Senor Mortgage	watch	1	1:22
July 5, 2004	Monday	Email	cheatday	watch	3	2:33
July 12, 2004	Monday	Menu	Decemberween In July	watch	3	(N/A)
July 12, 2004	Monday	Teen Girl Squad	Teen Girl Squad Issue 6	watch	1	1:22
July 12, 2004	Monday	Holiday Toon	That Time of Year	watch	0	1:14
July 12, 2004	Monday	Holiday Toon	Decemberween Sweet Cuppin' Cakes	watch	0	1:34
July 12, 2004	Monday	Puppet Stuff	Homestar and the Nice Present	watch	0	0:46
July 12, 2004	Monday	Puppet Stuff	Homestar vs. Little Girl	watch	0	1:09
July 13, 2004	Tuesday	Short	Experimental Film	watch	1	3:00
July 19, 2004	Monday	Powered By The Cheat	Seasonal Sweaters	watch	0	0:34
July 19, 2004	Monday	Email	pom pom	watch	2	2:25
July 19, 2004	Monday	Short	Peasant's Quest Preview	watch	1	1:10
July 26, 2004	Monday	Email	crying	watch	4	3:26
July 29, 2004	Thursday	Menu	Scrolling Shooter Games Menu	watch	3	(N/A)
July 29, 2004	Thursday	Menu	Handheld Old Games Menu	watch	0	(N/A)
July 29, 2004	Thursday	Menu	New Remote TV Time Toons Menu	watch	0	(N/A)
August 2, 2004	Monday	Game	Peasant's Quest	play	(N/A)	(N/A)
August 2, 2004	Monday	Game	Hallrunner	play	(N/A)	(N/A)
August 5, 2004	Thursday	Blog Entry	Strong Sad's Lament: A Long Time	read	(N/A)	(N/A)
August 9, 2004	Monday	Email	for kids	watch	2	3:24
August 12, 2004	Thursday	Blog Entry	Strong Sad's Lament: Dr Scholls?	read	(N/A)	(N/A)
August 16, 2004	Monday	Email	other days	watch	3	3:12
August 19, 2004	Thursday	Blog Entry	Strong Sad's Lament: The Curse of Keen Eyes	read	(N/A)	(N/A)
August 23, 2004	Monday	Teen Girl Squad	Teen Girl Squad Issue 7	watch	2	1:53
August 23, 2004	Monday	Marzipan's Answering Machine	Marzipan's Answering Machine Version 11.2	watch	1	3:16
August 26, 2004	Thursday	Blog Entry	Strong Sad's Lament: History Lesson Part II	read	(N/A)	(N/A)
August 30, 2004	Monday	Email	old comics	watch	5	2:33
August 30, 2004	Monday	Game	Duck Guardian	play	(N/A)	(N/A)
September 6, 2004	Monday	Puppet Stuff	Labor Dabor	watch	6	1:25
September 9, 2004	Thursday	Blog Entry	Strong Sad's Lament: Dinner for One	read	(N/A)	(N/A)
September 13, 2004	Monday	Email	pizzaz	watch	3	3:19
September 20, 2004	Monday	Email	the facts	watch	2	2:53
September 28, 2004	Tuesday	Toon	Shopping for Danger	watch	1	4:56
October 4, 2004	Monday	Email	time capsule	watch	3	3:22
October 11, 2004	Monday	Email	extra plug	watch	2	3:23
October 14, 2004	Thursday	Uncategorized	Pumpkin Stencils	watch	2	(N/A)
October 18, 2004	Monday	Holiday Toon	That A Ghost	watch	1	3:44
October 25, 2004	Monday	Puppet Stuff	Homestar vs. Little Girl 2	watch	0	1:15
October 29, 2004	Friday	Holiday Toon	Halloween Fairstival	watch	8	6:05
November 8, 2004	Monday	Email	montage	watch	2	3:15
November 9, 2004	Tuesday	DVD Exclusive	strongbad email.exe Disc One FBI Warning/Menus		1	(N/A)
November 9, 2004	Tuesday	DVD Exclusive	strongbad email.exe Disc Two FBI Warning/Menus		1	(N/A)
November 9, 2004	Tuesday	DVD Exclusive	strongbad email.exe Disc Three FBI Warning/Menus		2	(N/A)
November 9, 2004	Tuesday	Email	Greeting Cards		0	1:20
November 9, 2004	Tuesday	Email	E-mail Birds		0	1:02
November 9, 2004	Tuesday	Email	Videro Games		1	1:37
November 9, 2004	Tuesday	DVD Exclusive	Email Intros		0	8:13
November 9, 2004	Tuesday	DVD Exclusive	Scroll Button Songs (video)		0	1:29
November 9, 2004	Tuesday	DVD Exclusive	Trogdor (Karaoke)		1	1:37
November 9, 2004	Tuesday	DVD Exclusive	Nite Mamas (karaoke)		1	2:36
November 9, 2004	Tuesday	DVD Exclusive	Dangeresque (karaoke)		1	1:32
November 9, 2004	Tuesday	DVD Exclusive	Fhqwhgads (karaoke)		1	1:56
November 9, 2004	Tuesday	DVD Exclusive	Secret Song (video)		0	1:41
November 9, 2004	Tuesday	DVD Exclusive	Moving Very Slowly (video)		0	1:38
November 9, 2004	Tuesday	Toon	Tis True, Pom Pom, Tis True		1	2:45
November 9, 2004	Tuesday	DVD Exclusive	Some Puppet Stuff		0	3:54
November 9, 2004	Tuesday	DVD Exclusive	Sample of Style	watch	0	4:12
November 9, 2004	Tuesday	DVD Exclusive	Making of Email 100		1	3:07
November 9, 2004	Tuesday	DVD Exclusive	The Cheatar (making of)		0	0:54
November 9, 2004	Tuesday	DVD Exclusive	Sketchbook (video)		0	7:16
November 9, 2004	Tuesday	DVD Exclusive	3D Menu Screen Tests		2	0:45
November 9, 2004	Tuesday	DVD Exclusive	Day At The Park		0	0:19
November 9, 2004	Tuesday	DVD Exclusive	Some Extras		0	3:04
November 15, 2004	Monday	Email	virus	watch	6	4:05
November 22, 2004	Monday	Uncategorized	Broken Compy Menu	watch	0	1:15
November 29, 2004	Monday	Email	animal	watch	2	4:02
December 5, 2004	Sunday	Main Page	Main Page 22	watch	0	(N/A)
December 13, 2004	Monday	Email	radio	watch	5	4:02
December 16, 2004	Thursday	Holiday Toon	Snowglobe	watch	2	1:00
December 20, 2004	Monday	Holiday Toon	Homestar Presents: Presents	watch	1	4:20
January 3, 2005	Monday	Email	part-time job	watch	4	3:18
January 10, 2005	Monday	Email	dreamail	watch	3	3:43
January 14, 2005	Friday	Game	50K Racewalker	play	4	(N/A)
January 17, 2005	Monday	Teen Girl Squad	Teen Girl Squad Issue 8	watch	2	2:24
January 31, 2005	Monday	Email	origins	watch	3	3:20
February 6, 2005	Sunday	Short	Peasant's Quest Movie Trailer	watch	0	2:55
February 14, 2005	Monday	Email	secret recipes	watch	4	4:34
February 22, 2005	Tuesday	Email	rock opera	watch	4	3:23
March 8, 2005	Tuesday	Email	best thing	watch	2	4:08
March 14, 2005	Monday	Puppet Stuff	Strong Bad vs. Little Girl!	watch	0	1:15
March 21, 2005	Monday	Game	Stinkoman 20X6: Levels 1, 2 and 3	play	4	(N/A)
March 28, 2005	Monday	Email	long pants	watch	3	3:05
April 1, 2005	Friday	Holiday Toon	HomestarRunner.com PAY PLUS!	watch	0	(N/A)
April 1, 2005	Friday	Teen Girl Squad	Teen Girl Squad Issue 8½	watch	0	(N/A)
April 11, 2005	Monday	Email	rampage	watch	3	3:44
April 18, 2005	Monday	Short	The Li'l Brudder Show	watch	1	2:00
April 26, 2005	Tuesday	Marzipan's Answering Machine	Marzipan's Answering Machine Version 12.2	watch	2	3:17
April 26, 2005	Tuesday	Game	Stinkoman 20X6: Level 4	play	(N/A)	(N/A)
May 2, 2005	Monday	Email	garage sale	watch	3	3:28
May 9, 2005	Monday	Toon	Bug In Mouth Disease	watch	0	5:10
May 9, 2005	Monday	Game	Stinkoman 20X6: Level 5	play	(N/A)	(N/A)
May 16, 2005	Monday	Email	do over	watch	2	4:24
May 16, 2005	Monday	Game	Stinkoman 20X6: Level 6	play	(N/A)	(N/A)
May 23, 2005	Monday	Uncategorized	Yahoo Store	archives	0	(N/A)
May 23, 2005	Monday	Uncategorized	Store Thank You Messages	(N/A)	(N/A)	1:02
May 30, 2005	Monday	Holiday Toon	Senorial Day	watch	3	2:50
June 6, 2005	Monday	Email	boring (really)	watch	4	4:40
June 20, 2005	Monday	Teen Girl Squad	Teen Girl Squad Issue 9	watch	2	2:05
June 24, 2005	Friday	Puppet Stuff	Biz Cas Fri 1	watch	2	1:50
June 27, 2005	Monday	Email	modeling	watch	1	3:10
July 1, 2005	Friday	Puppet Stuff	Biz Cas Fri 2	watch	1	2:00
July 4, 2005	Monday	Holiday Toon	Happy Fireworks	watch	0	1:46
July 4, 2005	Monday	Game	Stinkoman 20X6: Level 7	play	(N/A)	(N/A)
July 11, 2005	Monday	Email	bottom 10	watch	0	4:59
July 25, 2005	Monday	Email	record book	watch	3	3:51
July 25, 2005	Monday	DVD Exclusive	strongbad email.exe Disc Four FBI Warning/Menus		4	(N/A)
July 25, 2005	Monday	Email	Family Resemblence		1	2:32
July 25, 2005	Monday	DVD Exclusive	Real Live E-mails		1	3:39
July 25, 2005	Monday	DVD Exclusive	Puppets On The Road		0	8:51
July 25, 2005	Monday	DVD Exclusive	Puppets & Little Girl Outtakes		0	2:53
July 25, 2005	Monday	DVD Exclusive	Sample of Style Too	watch	0	4:38
July 25, 2005	Monday	DVD Exclusive	Sample of Style Too: Some Outtakes		0	3:32
July 25, 2005	Monday	DVD Exclusive	It's Like It Was Meant to Be	watch	0	1:11
July 25, 2005	Monday	DVD Exclusive	Grumblecakes (video)	watch	0	2:14
July 25, 2005	Monday	DVD Exclusive	Because, It's Midnite (karaoke)		1	2:19
July 25, 2005	Monday	DVD Exclusive	Rock Opera (karaoke)		1	1:45
August 1, 2005	Monday	Game	Stinkoman 20X6: Level -0	play	(N/A)	(N/A)
August 5, 2005	Friday	Puppet Stuff	Biz Cas Fri 3	watch	1	2:10
August 8, 2005	Monday	Email	lady...ing	watch	3	4:22
August 15, 2005	Monday	Toon	Cool Things	watch	2	4:00
August 17, 2005	Wednesday	Blog Entry	Strong Sad's Lament: Stats n' Stumps	read	(N/A)	(N/A)
August 22, 2005	Monday	Toon	A Folky Tale	watch	2	4:10
August 25, 2005	Thursday	Blog Entry	Strong Sad's Lament: A Curious Email	read	(N/A)	(N/A)
September 1, 2005	Thursday	Blog Entry	Strong Sad's Lament: Parade on my Rain	read	(N/A)	(N/A)
September 5, 2005	Monday	Short	TrogdorCon '97	watch	2	3:10
September 5, 2005	Monday	Game	Stinkoman 20X6: Level 9	play	(N/A)	(N/A)
September 9, 2005	Friday	Blog Entry	Strong Sad's Lament: Working For the Weak-End?	read	(N/A)	(N/A)
September 9, 2005	Friday	Main Page	Main Page 23	watch	0	(N/A)
September 13, 2005	Tuesday	Short	Commandos in the Classroom	watch	3	4:15
September 26, 2005	Monday	Email	geddup noise	watch	3	3:38
October 3, 2005	Monday	Short	Sick Day	watch	2	1:43
October 10, 2005	Monday	Teen Girl Squad	Teen Girl Squad Issue 10	watch	2	3:34
October 17, 2005	Monday	Short	Strong Bad is a Bad Guy	watch	2	1:44
October 24, 2005	Monday	Email	bedtime story	watch	3	3:34
November 1, 2005	Tuesday	Holiday Toon	Halloween Potion-ma-jig	watch	8	6:00
November 7, 2005	Monday	Holiday Toon	More Fan Costumes	watch	0	3:05
November 14, 2005	Monday	Email	space program	watch	3	3:44
November 14, 2005	Monday	DVD Exclusive	Everything Else, Volume 1 FBI Warning/Menus		6	(N/A)
November 14, 2005	Monday	Puppet Stuff	Puppet Jam: President's Daughter		0	0:38
November 14, 2005	Monday	Puppet Stuff	Puppet Jam: Apple Juice Blues		0	1:50
November 14, 2005	Monday	Puppet Stuff	Puppet Jam: Everybody Knows It		0	2:38
November 14, 2005	Monday	DVD Exclusive	Bubslegum Comics		0	1:59
November 14, 2005	Monday	DVD Exclusive	Exaggerations		0	2:27
November 14, 2005	Monday	DVD Exclusive	From The Vault		1	2:27
November 14, 2005	Monday	DVD Exclusive	Peasant's Quest Outtakes		0	3:13
November 14, 2005	Monday	DVD Exclusive	Your Hair is Messed Up		0	1:10
November 14, 2005	Monday	DVD Exclusive	Peasant's Quest Animatic		0	2:55
November 14, 2005	Monday	DVD Exclusive	An Open Forum		1	0:32
November 14, 2005	Monday	DVD Exclusive	Here's How We Made It		0	1:14
November 21, 2005	Monday	Holiday Toon	Fall Float Parade	watch	2	3:28
November 28, 2005	Monday	Puppet Stuff	Homestar vs. Other Little Girl	watch	0	1:25
December 5, 2005	Monday	Email	portrait	watch	3	3:37
January 8, 2006	Sunday	Email	highschool	watch	3	3:02
January 13, 2006	Friday	Holiday Toon	Happy Trogday	watch	0	1:49
January 16, 2006	Monday	Email	death metal	watch	3	3:48
January 25, 2006	Wednesday	Email	secret identity	watch	4	3:44
January 30, 2006	Monday	Email	technology	watch	3	3:47
January 30, 2006	Monday	Menu	Podstar Runner	watch	0	(N/A)
February 6, 2006	Monday	Email	narrator	watch	3	3:01
February 13, 2006	Monday	Short	500 The Cheats	watch	1	0:32
February 13, 2006	Monday	Email	myths & legends	watch	5	2:55
February 20, 2006	Monday	Email	pop-up	watch	3	3:12
February 27, 2006	Monday	Marzipan's Answering Machine	Marzipan's Answering Machine Version 13.2	watch	1	4:24
February 28, 2006	Tuesday	Uncategorized	Flashforward		0	1:50
March 6, 2006	Monday	Email	lady fan	watch	2	3:30
March 13, 2006	Monday	Email	disconnected	watch	3	3:11
March 21, 2006	Tuesday	Email	candy product	watch	3	3:01
March 27, 2006	Monday	Short	Sbemail 150?!?	watch	0	1:46
April 4, 2006	Tuesday	Email	alternate universe	watch	2	5:52
April 24, 2006	Monday	Game	Thy Dungeonman 3	play	0	(N/A)
May 3, 2006	Wednesday	Email	senior prom	watch	4	4:16
May 16, 2006	Tuesday	Email	isp	watch	2	3:23
July 3, 2006	Monday	Toon	Weclome Back	watch	3	4:37
July 10, 2006	Monday	Email	redesign	watch	3	3:46
July 10, 2006	Monday	Game	Kid Speedy	play	(N/A)	(N/A)
July 17, 2006	Monday	Teen Girl Squad	Teen Girl Squad Issue 11	watch	1	3:32
July 17, 2006	Monday	Game	Kid Speedy version 1.new	play	1	(N/A)
July 25, 2006	Tuesday	Short	Summer Short Shorts	watch	3	2:52
July 25, 2006	Tuesday	Puppet Stuff	Homestar vs. Very Very Little Girl	watch	0	(N/A)
July 31, 2006	Monday	Email	keep cool	watch	2	3:33
August 7, 2006	Monday	Email	theme song	watch	1	3:56
August 14, 2006	Monday	Short	No Hands On Deck!	watch	2	3:07
August 21, 2006	Monday	Toon	Strongest Man in the World	watch	2	4:25
September 4, 2006	Monday	Email	road trip	watch	3	4:18
September 11, 2006	Monday	Email	trading cards	watch	4	3:26
September 18, 2006	Monday	Email	cliffhangers	watch	3	1:58
September 25, 2006	Monday	Uncategorized	Lappynapped!	watch	2	2:02
October 2, 2006	Monday	Email	retirement A	watch	(N/A)	3:57
October 3, 2006	Tuesday	Email	retirement B	watch	(N/A)	2:48
October 9, 2006	Monday	Email	retirement (combined)	watch	8	6:53
October 22, 2006	Sunday	Email	coloring	watch	5	3:56
October 22, 2006	Sunday	Uncategorized	1989 Limozeen "Ladies, We're Staying In Room 302 At The Ramada" Tour Coloring Book	play	0	(N/A)
October 27, 2006	Friday	DVD Exclusive	Everything Else, Volume 2 FBI Warning/Menus		1	(N/A)
October 27, 2006	Friday	DVD Exclusive	Why Come Only One Girl?		1	4:03
October 27, 2006	Friday	Toon	In Search of the Yello Dello Deleted Scene: Michael Stipe Impression		0	(N/A)
October 27, 2006	Friday	Game	Blue Laserdisc Challenge		0	(N/A)
October 27, 2006	Friday	DVD Exclusive	Halloween Awards Show		1	2:15
October 27, 2006	Friday	DVD Exclusive	Flash's 10th Birthday		0	1:29
October 30, 2006	Monday	Holiday Toon	Happy Hallow-day	watch	5	5:14
November 6, 2006	Monday	Holiday Toon	Fan Costumes '06	watch	0	4:06
November 13, 2006	Monday	Email	4 branches	watch	4	4:55
November 21, 2006	Tuesday	Holiday Toon	Let us give TANKS!	watch	2	5:00
December 4, 2006	Monday	Email	the chair	watch	3	3:58
December 10, 2006	Sunday	Email	what I want	watch	3	3:29
December 18, 2006	Monday	Holiday Toon	Decemberween Short Shorts	watch	0	6:05
January 22, 2007	Monday	Email	looking old	watch	4	4:18
January 28, 2007	Sunday	Menu	Viidelectrix	watch	0	(N/A)
January 28, 2007	Sunday	Game	StrongBadZone (Viidelectrix)	play	0	(N/A)
January 28, 2007	Sunday	Game	Secret Collect. (Viidelectrix)	play	0	(N/A)
January 28, 2007	Sunday	Game	Kid Speedy Version 1.TWII	play	4	(N/A)
January 28, 2007	Sunday	Game	Population: Tire (Viidelectrix)	play	0	(N/A)
January 29, 2007	Monday	Email	strong badathlon	watch	3	3:39
February 5, 2007	Monday	Email	unnatural	watch	5	4:10
February 12, 2007	Monday	Teen Girl Squad	Teen Girl Squad Issue 12	watch	4	3:20
February 12, 2007	Monday	Menu	New Stuff TV Time Toons Menu	watch	0	(N/A)
February 20, 2007	Tuesday	Email	the movies	watch	2	3:51
February 26, 2007	Monday	Short	KOT's VOQPCS!	watch	0	2:54
March 5, 2007	Monday	Marzipan's Answering Machine	Marzipan's Answering Machine Version 14.2	watch	1	4:06
March 12, 2007	Monday	Email	your funeral	watch	2	3:56
March 12, 2007	Monday	Game	TROGDOR! (Viidelectrix)		3	(N/A)
March 12, 2007	Monday	Game	Duck Guardian One (Viidelectrix)		0	(N/A)
March 19, 2007	Monday	Short	Drive-Thru	watch	1	2:19
March 26, 2007	Monday	Short	An Important Rap Song	watch	0	2:01
April 9, 2007	Monday	Uncategorized	Eggs	watch	0	0:35
April 9, 2007	Monday	Email	from work	watch	2	3:34
April 16, 2007	Monday	Email	rough copy	watch	3	3:33
April 24, 2007	Tuesday	Toon	Date Nite	watch	1	4:17
April 26, 2007	Thursday	Email	Accent		0	3:03
April 30, 2007	Monday	Short	Sbemail 169 Deleted Scene	watch	1	1:15
May 7, 2007	Monday	Email	underlings	watch	3	3:11
May 15, 2007	Tuesday	Toon	DNA Evidence	watch	2	5:35
May 21, 2007	Monday	Email	more armies	watch	3	3:40
May 28, 2007	Monday	Short	One Two, One Two	watch	0	1:31
May 28, 2007	Monday	Game	MixMastah 800	play	0	(N/A)
June 5, 2007	Tuesday	DVD Exclusive	strongbad email.exe Disc Five FBI Warning/Menus		2	(N/A)
June 5, 2007	Tuesday	DVD Exclusive	Email Intros, Part Two		0	6:07
June 5, 2007	Tuesday	DVD Exclusive	160 Seconds		0	3:02
June 5, 2007	Tuesday	DVD Exclusive	Space Program Alternate Take		0	1:11
June 5, 2007	Tuesday	DVD Exclusive	Alternate Universe Video		0	0:34
June 11, 2007	Monday	Email	the paper	watch	2	3:08
June 18, 2007	Monday	Teen Girl Squad	Teen Girl Squad Issue 13	watch	1	3:23
June 26, 2007	Tuesday	Short	Ever and More!	watch	1	2:50
July 16, 2007	Monday	Game	Where's an Egg?	play	0	(N/A)
July 24, 2007	Tuesday	Main Page	Main Page 24	watch	0	(N/A)
August 7, 2007	Tuesday	Short	Quality Time	watch	1	1:48
August 13, 2007	Monday	Email	mini-golf	watch	4	4:27
August 20, 2007	Monday	Email	concert	watch	3	4:26
August 27, 2007	Monday	Email	hygiene	watch	3	4:06
September 3, 2007	Monday	Email	original	watch	2	3:30
September 10, 2007	Monday	Email	bike thief	watch	3	3:56
September 17, 2007	Monday	Short	Limozeen vs. Sloshy	watch	1	6:10
September 24, 2007	Monday	Email	pizza joint	watch	2	4:09
October 1, 2007	Monday	Email	slumber party	watch	2	4:11
October 8, 2007	Monday	Email	web comics	watch	4	3:34
October 8, 2007	Monday	Game	Make-O Your Own Stinko	play	0	(N/A)
October 15, 2007	Monday	Email	business trip	watch	2	3:41
October 23, 2007	Tuesday	Puppet Stuff	Marshie vs. Little Girl	watch	2	2:22
October 25, 2007	Thursday	Holiday Toon	Jibblies 2 Teaser	watch	1	0:43
October 29, 2007	Monday	Holiday Toon	Jibblies 2	watch	8	6:44
November 5, 2007	Monday	Holiday Toon	Fan Costumes '07	watch	0	4:08
November 12, 2007	Monday	Powered by the Cheat	Rap Song	watch	0	2:40
November 12, 2007	Monday	DVD Exclusive	Everything Else, Volume 3 FBI Warning/Menus		3	(N/A)
November 12, 2007	Monday	Toon	The Limozeen Advantage		0	3:43
November 12, 2007	Monday	Game	Where's The Cheat?		(N/A)	(N/A)
November 19, 2007	Monday	Holiday Toon	Toikey TV	watch	0	2:30
November 27, 2007	Tuesday	Email	yes, wrestling	watch	3	4:40
December 3, 2007	Monday	Email	diorama	watch	2	3:43
December 10, 2007	Monday	Email	nightlife	watch	4	4:12
December 17, 2007	Monday	Holiday Toon	Happy Dethemberween	watch	1	2:51
January 7, 2008	Monday	Email	environment	watch	4	3:26
January 14, 2008	Monday	Holiday Toon	Trogday 08	watch	1	2:15
January 21, 2008	Monday	Email	winter pool	watch	2	4:06
January 28, 2008	Monday	Email	fan club	watch	5	4:26
February 3, 2008	Sunday	Holiday Toon	Sloshybowl	watch	1	1:33
February 4, 2008	Monday	Email	pet show	watch	2	3:44
February 11, 2008	Monday	Holiday Toon	Sickly Sam's Big Outing	watch	0	4:47
February 19, 2008	Tuesday	Email	licensed	watch	2	3:30
February 25, 2008	Monday	Marzipan's Answering Machine	Marzipan's Answering Machine Version 15.2	watch	1	3:30
February 29, 2008	Friday	Uncategorized	Non-Sequitur Champion	watch	0	1:10
March 3, 2008	Monday	Email	buried	watch	3	3:55
March 10, 2008	Monday	Short	Blubb-O's Commercial	watch	1	1:53
March 17, 2008	Monday	Short	Limozeen Live! (practice)	watch	0	1:53
March 24, 2008	Monday	Holiday Toon	Rotten Eggs	watch	0	0:40
March 31, 2008	Monday	Email	shapeshifter	watch	2	4:07
April 1, 2008	Tuesday	YouTube	Strong Bad Gameways	watch	(N/A)	1:53
April 7, 2008	Monday	Email	rated	watch	3	3:35
April 10, 2008	Thursday	New Stuff	SBCG4AP Advertisement	watch	0	2:00
April 10, 2008	Thursday	Game Trailer	SBCG4AP Gameplay Trailer	watch	0	2:00
April 14, 2008	Monday	Short	The Homestar Runner Gets Something Stuck In His Craw	watch	0	3:00
April 21, 2008	Monday	Email	specially marked	watch	3	3:08
May 5, 2008	Monday	New Stuff	Workin' on the Game	watch	1	0:30
May 12, 2008	Monday	Teen Girl Squad	Teen Girl Squad Issue 14	watch	1	3:40
May 26, 2008	Monday	Email	love poems	watch	2	4:26
June 9, 2008	Monday	Short	Play Date	watch	2	2:46
June 16, 2008	Monday	Short	Somber Vacation	watch	1	2:11
June 28, 2008	Saturday	Endorsement	Respectably French!	watch	(N/A)	0:34
June 30, 2008	Monday	Short	The Baloneyman	watch	0	2:48
July 14, 2008	Monday	Email	hiding	watch	2	3:48
July 21, 2008	Monday	Email	your edge	watch	3	4:00
July 22, 2008	Tuesday	Uncategorized	Sam & Max Season Two Alternate Ending 101		(N/A)	0:44
July 28, 2008	Monday	Short	The Next Epi-Snowed	watch	2	4:10
August 11, 2008	Monday	SBCG4AP	Homestar Ruiner		(N/A)	(N/A)
August 11, 2008	Monday	Email	magic trick	watch	2	3:52
August 18, 2008	Monday	Powered by The Cheat	Trudgemank	watch	0	1:47
August 18, 2008	Monday	Uncategorized	Behind The Bad Chapter 1: The New Hire	watch	(N/A)	2:13
August 25, 2008	Monday	Main Page	Main Page 25	watch	0	(N/A)
August 31, 2008	Sunday	Uncategorized	Make a Scene with Telltale: Strong Bad Edition	watch	(N/A)	2:56
September 8, 2008	Monday	Email	being mean	watch	2	3:26
September 15, 2008	Monday	SBCG4AP	Strong Badia the Free		(N/A)	(N/A)
September 15, 2008	Monday	Short	Place ya bets!	watch	0	1:30
September 19, 2008	Friday	Short	Page Load Error	watch	1	0:26
September 23, 2008	Tuesday	Email	email thunder	watch	9	5:10
September 23, 2008	Tuesday	Hremail	Hremail 49	watch	0	0:11
September 23, 2008	Tuesday	Hremail	Hremail 24	watch	0	(N/A)
October 20, 2008	Monday	Uncategorized	Behind The Bad Chapter 2: The Heist	watch	(N/A)	3:37
October 20, 2008	Monday	Uncategorized	Behind The Bad Chapter 2: The Heist (Extended Cut)		(N/A)	8:54
October 20, 2008	Monday	Holiday Toon	Costume Commercial	watch	1	2:11
October 27, 2008	Monday	Holiday Toon	Most in the Graveyard Teaser	watch	1	0:41
October 27, 2008	Monday	Uncategorized	Baddest of the Bands Promo		(N/A)	3:24
October 27, 2008	Monday	SBCG4AP	Baddest of the Bands		(N/A)	(N/A)
October 30, 2008	Thursday	Holiday Toon	Most in the Graveyard	watch	9	6:25
November 10, 2008	Monday	Holiday Toon	Fan Costumes '08	watch	0	3:57
November 10, 2008	Monday	Puppet Stuff	Dangeresque: Puppet Squad	watch	0	2:10
November 17, 2008	Monday	SBCG4AP	Dangeresque 3: The Criminal Projective		(N/A)	(N/A)
November 24, 2008	Monday	Holiday Toon	Twenty THANXty Six	watch	0	2:14
November 24, 2008	Monday	DVD Exclusive	strongbad email.exe Disc Six FBI Warning/Menus		3	(N/A)
November 24, 2008	Monday	Email	Comic Book Movie		0	3:39
December 1, 2008	Monday	Game	Dangeresque Roomisode 1: Behind the Dangerdesque	play	0	(N/A)
December 8, 2008	Monday	Short	Coach Z's 110%	watch	1	1:42
December 15, 2008	Monday	Holiday Toon	Hooked on Decemberween	watch	0	6:58
December 15, 2008	Monday	SBCG4AP	8-Bit Is Enough		(N/A)	(N/A)
December 22, 2008	Monday	Holiday Toon	A Death-Defying Decemberween	watch	0	5:27
December 23, 2008	Tuesday	Uncategorized	Behind The Bad Chapter 3: The Last Straw	watch	(N/A)	5:27
January 26, 2009	Monday	Hremail	Hremail 62	watch	1	3:06
February 2, 2009	Monday	Hremail	Hremail 2000	watch	2	3:09
February 9, 2009	Monday	Short	Best Caper Ever	watch	1	2:43
February 16, 2009	Monday	Short	4 Gregs	watch	0	3:20
March 2, 2009	Monday	Marzipan's Answering Machine	Marzipan's Answering Machine Version 16.2	watch	1	4:42
March 10, 2009	Tuesday	Toon	Career Day	watch	0	4:25
March 17, 2009	Tuesday	Toon	Kick-a-Ball	watch	1	5:24
March 30, 2009	Monday	New Stuff	Sbemailiarized!	watch	0	2:46
April 1, 2009	Wednesday	Holiday Toon	April Fool 09	watch	0	1:26
April 6, 2009	Monday	Short	Donut Unto Others	watch	0	3:56
April 19, 2009	Sunday	Short	Where U Goin' 2?	watch	0	2:40
April 27, 2009	Monday	Short	Pistols For Pandas	watch	1	2:02
May 4, 2009	Monday	Hremail	Hremail 7	watch	1	3:51
May 11, 2009	Monday	Teen Girl Squad	Teen Girl Squad Issue 15	watch	2	4:14
May 18, 2009	Monday	Short	79 Seconds Left	watch	3	0:79
June 1, 2009	Monday	Toon	2 Part Episode: Part 1	watch	2	4:10
June 8, 2009	Monday	Toon	2 Part Episode: Part 2	watch	2	5:10
June 30, 2009	Tuesday	Email/Hremail	Hremail3184	watch	2	5:04
July 5, 2009	Sunday	Short	Loading Screens	watch	0	2:05
July 13, 2009	Monday	Email	imaginary	watch	3	4:08
July 27, 2009	Monday	Short	Where My Hat Is At?	watch	0	3:48
August 3, 2009	Monday	Short	Compy Catalog	watch	0	3:48
August 10, 2009	Monday	Email	independent	watch	2	5:20
August 24, 2009	Monday	Short	On Break	watch	2	2:24
September 1, 2009	Tuesday	Email	dictionary	watch	6	3:48
September 15, 2009	Tuesday	Puppet Stuff	The Animated Adventures of Puppet Homestar	watch	0	3:00
September 28, 2009	Monday	Powered by The Cheat	Crystal Fortress	watch	0	2:09
October 5, 2009	Monday	Email	videography	watch	2	3:30
October 5, 2009	Monday	YouTube	Coach Z pukes in dude's toupee	watch	(N/A)	0:19
October 19, 2009	Monday	Holiday Toon	Decomposing Pumpkins	watch	1	1:35
October 26, 2009	Monday	Holiday Toon	Doomy Tales of the Macabre Teaser	watch	1	0:43
October 29, 2009	Thursday	Holiday Toon	Doomy Tales of the Macabre	watch	10	5:57
November 9, 2009	Monday	Holiday Toon	Fan Costumes '09	watch	0	4:48
November 10, 2009	Tuesday	Holiday Toon	Punkin Show	watch	0	1:46
March 31, 2010	Wednesday	Holiday Toon	Xeriouxly Forxe	watch	0	0:54
April 12, 2010	Monday	Main Page	Main Page 26	watch	0	(N/A)
September 3, 2010	Friday	Uncategorized	Make a Scene with Telltale at PAX 2010	watch	(N/A)	1:50
November 22, 2010	Monday	Uncategorized	Poker Night at the Inventory		(N/A)	(N/A)
December 14, 2010	Tuesday	Holiday Toon	A Decemberween Mackerel	watch	2	6:05
December 22, 2010	Wednesday	Holiday Toon	Which Ween Costumes?	watch	8	2:40
July 18, 2013	Thursday	Uncategorized	W00tstock - 18 Jul 2013	watch	0	6:38
April 1, 2014	Tuesday	Holiday Toon	April Fool 2014	watch	3	4:48
July 11, 2014	Friday	Uncategorized	Dad's Garage & Friends - 11 Jul 2014		(N/A)	(N/A)
September 11, 2014	Thursday	Endorsement	Dad's Garage Celebrity Endorsement Kickstarter Video	watch	(N/A)	1:08
October 3, 2014	Friday	Powered by The Cheat	Fish Eye Lens	watch	2	3:19
October 20, 2014	Monday	Holiday Toon	Halloween Safety	watch	3	0:76
October 30, 2014	Thursday	Holiday Toon	I Killed Pom Pom	watch	7	7:48
December 5, 2014	Friday	YouTube	Strong Bad reads "The Ocelot and the Porridge Maiden" (Teaser Trailer) - Worldbuilders 2014	watch	(N/A)	0:53
March 23, 2015	Monday	Uncategorized	Store	watch	0	(N/A)
April 1, 2015	Wednesday	Email/Holiday Toon	sbemail206	watch	1	4:47
April 18, 2015	Saturday	Holiday Toon	Record Store Day	watch	0	3:25
June 1, 2015	Monday	YouTube	Strong Bad reads The Ocelot and the Porridge Maiden	watch	(N/A)	2:47
June 13, 2015	Saturday	Uncategorized	Dad's Garage & Friends - 13 Jun 2015	watch	(N/A)	5:15
August 3, 2015	Monday	Short	Flash is Dead!	watch	3	2:00
September 30, 2015	Wednesday	Short	Strong Bad Classics!	watch	1	3:00
October 21, 2015	Wednesday	Holiday Toon	The House That Gave Sucky Tricks Teaser	watch	1	0:55
October 29, 2015	Thursday	Holiday Toon	The House That Gave Sucky Tricks	watch	11	5:43
November 10, 2015	Tuesday	Holiday Toon	Fan Costumes 2015	watch	0	3:10
April 1, 2016	Friday	Marzipan's Answering Machine/Holiday Toon	Marzipan's Answering Machine Version 17.2	watch	0	31:09
October 26, 2016	Wednesday	YouTube	Joystick Wagglin' with Videlectrix: Halloween Edition	watch	(N/A)	3:09
October 26, 2016	Wednesday	Holiday Toon	Later That Night... Teaser	watch	1	0:25
October 28, 2016	Friday	Holiday Toon	Later That Night...	watch	1	5:06
November 18, 2016	Friday	Holiday Toon	Fan Costumes 2016	watch	0	5:04
December 24, 2016	Saturday	Toon	Homestar Runner Goes For the Gold	watch	1	7:02
April 23, 2017	Sunday	Uncategorized	slash/slash	watch	(N/A)	1:44
July 12, 2017	Wednesday	Skills of an Artist	Sammich	watch	(N/A)	1:54
July 26, 2017	Wednesday	Skills of an Artist	Posh Toilet Paper	watch	(N/A)	1:36
August 2, 2017	Wednesday	Skills of an Artist	Cannonmouth	watch	(N/A)	1:38
August 14, 2017	Monday	Email	too cool	watch	1	4:41
August 18, 2017	Friday	Skills of an Artist	Strong Sad's Severed Soolnds	watch	(N/A)	1:58
August 24, 2017	Thursday	Skills of an Artist	Muscleman	watch	(N/A)	1:38
August 28, 2017	Monday	Short	Squintmojis	watch	1	0:54
September 4, 2017	Monday	Skills of an Artist	End Boss	watch	(N/A)	2:14
September 11, 2017	Monday	Skills of an Artist	Cartoon Characters	watch	(N/A)	2:05
September 21, 2017	Thursday	Skills of an Artist	Eagle	watch	(N/A)	1:23
September 27, 2017	Wednesday	Short	Characters from Yonder Website	watch	1	3:04
October 3, 2017	Tuesday	Skills of an Artist	Classic Stand-up Arcade Game	watch	(N/A)	1:48
October 6, 2017	Friday	Holiday Toon	Haunted Photo Booth Teaser	watch	1	0:46
October 11, 2017	Wednesday	Skills of an Artist	Skills of an Artist LIVE!!	watch	(N/A)	4:23
October 18, 2017	Wednesday	Skills of an Artist	Tennis Shorts	watch	(N/A)	2:13
October 25, 2017	Wednesday	Skills of an Artist	Large Bean	watch	(N/A)	2:08
October 27, 2017	Friday	YouTube	Greatest American Homestar	watch	(N/A)	1:09
October 30, 2017	Monday	Holiday Toon	Haunted Photo Booth	watch	13	4:31
November 8, 2017	Wednesday	Skills of an Artist	Cornucopia	watch	(N/A)	2:09
November 15, 2017	Wednesday	Holiday Toon	Fan Costumes 2017	watch	0	5:34
December 6, 2017	Wednesday	Skills of an Artist	Clownbread	watch	(N/A)	1:50
December 13, 2017	Wednesday	Skills of an Artist	Draccus	watch	(N/A)	2:15
December 23, 2017	Saturday	Holiday Toon/Puppet Stuff	Decemberween Dangeresque	watch	(N/A)	7:22
January 13, 2018	Saturday	Game	TROGDOR! HTML version	play	4	(N/A)
January 24, 2018	Wednesday	The Deleteheads Download	Volume 1	(N/A)	(N/A)	(N/A)
February 7, 2018	Wednesday	Skills of an Artist	Guitar	watch	(N/A)	2:19
February 14, 2018	Wednesday	Skills of an Artist	Diskette	watch	(N/A)	2:09
February 21, 2018	Wednesday	Skills of an Artist	Barf Bag	watch	(N/A)	1:52
April 1, 2018	Sunday	Holiday Toon	The Next April Fools Thing	watch	1	6:52
April 20, 2018	Friday	YouTube	Record Store Day 2018	watch	(N/A)	1:16
July 17, 2018		Uncategorized	Neon 404'd	watch	0	(N/A)
July 17, 2018	Tuesday	The Deleteheads Download	Volume 2	(N/A)	(N/A)	(N/A)
July 17, 2018	Tuesday	Kickstarter	Trogdor!! The Board Game (video)	watch	(N/A)	2:39
July 17, 2018	Tuesday	Six-Sadded, Die	Six-Sadded, Die	watch	(N/A)	15:38
July 21, 2018	Saturday	Kickstarter	Trogdor Live Playtest @ GenCon	watch	(N/A)	55:44
July 26, 2018	Thursday	Kickstarter	Meeple Grove	watch	(N/A)	1:55
July 31, 2018	Tuesday	Endorsement	The Aquabats Super Show Kickstarter	watch	(N/A)	7:35
August 1, 2018	Wednesday	Kickstarter	Wyrmwood Video	watch	(N/A)	3:43
August 8, 2018	Wednesday	Skills of an Artist	Really Cool Boat	watch	(N/A)	2:52
August 12, 2018	Sunday	Kickstarter	SBCG4AP Playthrough	watch	(N/A)	1:48:11
August 13, 2018	Monday	Six-Sadded, Die	Six-Sadded, Die. - Don't Make Daddy P.O.'d	watch	(N/A)	8:36
August 13, 2018	Monday	The Deleteheads Download	Volume 3	(N/A)	(N/A)	(N/A)
August 15, 2018	Wednesday	Kickstarter	Final Hours Playthrough	watch	(N/A)	1:01:01
August 27, 2018	Monday	Six-Sadded, Die	Six-Sadded, Die. - Peasant Burnination	watch	(N/A)	4:53
September 13, 2018	Thursday	Uncategorized	Trogdor Was Dragon Man	watch	0	2:17
October 18, 2018	Thursday	Holiday Toon	Mr. Poofers Must Die Teaser‎	watch	1	0:36
October 25, 2018	Thursday	YouTube	Stack 'Em to the Heavens!	watch	(N/A)	1:03
October 30, 2018	Tuesday	Holiday Toon	Mr. Poofers Must Die	watch	(N/A)	9:25
October 30, 2018	Tuesday	Six-Sadded, Die	Six-Sadded, Die. - Trogdor's Fiery Rage	watch	(N/A)	4:30
November 12, 2018	Monday	Holiday Toon	Fan Costumes 2018	watch	0	4:01
January 8, 2019	Tuesday	Kickstarter	Trogdor Playthrough with Strong Bad & friends!	watch	(N/A)	1:29:55
April 26, 2019	Friday	YouTube	Quickstart Overview	watch	(N/A)	2:29
May 7, 2019	Tuesday	Six-Sadded, Die	Six-Sadded, Die. - The Void Tower	watch	(N/A)	2:31
May 10, 2019	Friday	YouTube	Trogdor's Fiery Rage	watch	(N/A)	2:46
June 15, 2019	Saturday	Kickstarter	The Actions You Can Do	watch	(N/A)	0:56
July 12, 2019	Friday	Six-Sadded, Die	Six Sadded Die - Trogdor!! The Board Game Unboxing	watch	(N/A)	7:25
October 22, 2019	Tuesday	Holiday Toon	The Homestar Runner Enters the Spooky Woods Teaser	watch	1	0:43
October 30, 2019	Wednesday	Holiday Toon	The Homestar Runner Enters the Spooky Woods	watch	14	6:06
November 23, 2019	Saturday	Holiday Toon	Fan Costumes 2019	watch	0	5:38